year,mizunara_rating_code,mizunara_rating_label,confidence,source
2017,,取得不可,,北海道庁「令和7年秋の山の実なり調査結果」PDFに掲載された過去図(R1-R6)は令和元年(2019)以降のみ。2017-2018年分の振興局別評価は本セッションでは確認できなかった。
2018,,取得不可,,同上
2019,,読み取り不能,,R1(令和元年)の図は市町村または地点単位の散布表示であり、振興局単位の単一値に整理されていない。石狩振興局に単一値を割り当てられない。
2020,0,凶作,中(目視読み取り),北海道庁「令和7年秋の山の実なり調査結果について」PDF 図2(ドングリ ミズナラ R1-R6) R2年図の石狩振興局付近の記号を目視で読み取り。地図上のラベル配置がやや密集しており、後志振興局との境界で誤読の可能性が残る。
2021,1,不作,中(目視読み取り),同上 R3年図
2022,1,不作,中(目視読み取り),同上 R4年図
2023,0,凶作,中(目視読み取り),同上 R5年図
2024,2,並作,中(目視読み取り),同上 R6年図
2025,0,凶作,高(本文記載で確認),同PDF本文「２種のドングリ（ミズナラの堅果及びブナの堅果）は広範囲で凶作」との記載、および図1(R7)の石狩振興局付近の記号(凶作)が整合。評価基準：豊作2.5以上/並作2.49-1.5/不作1.49-0.5/凶作0.49未満(GPA方式、345地点の集計)。
